<service>
	<id>embeddedweb.exe</id>
	<name>Embedded web</name>
	<description>The nodejs.org example web server.</description>
	<executable>C:\Program Files\nodejs\node.exe</executable>
	<logmode>rotate</logmode>
	<argument>--harmony</argument>
	<argument>C:\Users\BinhLN\Desktop\web-dahn\embedded\node_modules\node-windows\lib\wrapper.js</argument>
	<argument>--file</argument>
	<argument>C:\Users\BinhLN\Desktop\web-dahn\embedded\server.js</argument>
	<argument>--log</argument>
	<argument>Embedded web wrapper</argument>
	<argument>--grow</argument>
	<argument>0.25</argument>
	<argument>--wait</argument>
	<argument>1</argument>
	<argument>--maxrestarts</argument>
	<argument>3</argument>
	<argument>--abortonerror</argument>
	<argument>n</argument>
	<argument>--stopparentfirst</argument>
	<argument>undefined</argument>
	<stoptimeout>30sec</stoptimeout>
	<workingdirectory>C:\Users\BinhLN\Desktop\web-dahn\embedded</workingdirectory>
</service>